id,email,username,mobile_phone,notes,other_phone,first_name,last_name,groups
13146,sadhbhhegarty@hotmail.com,sadhbhhegarty@hotmail.com,,,,,,customer
13147,jeramylowman68@lily.fluxyn.com,jeramylowman460,,,,,,customer
13148,clarevickery@yahoo.co.uk,clarevickery@yahoo.co.uk,,,,,,customer
13149,gintarearman@gmail.com,gintarearman,,,0852739261,Gintare,Arman,customer
13150,grainne85@gmail.com,grainne85,,,,,,customer
