id,email,username,mobile_phone,other_phone,notes,first_name,last_name,groups
2380,tiarnanmurphy@gmail.com,TMurphy,,,,Tiarnan,Murphy,"1,2"
2381,colmthomaso@gmail.com,COBrien,,,,Colm,O'Brien,"1,2"
2362,paulaflaherty@yahoo.co.uk,PFlaherty,,,,Paula,Flaherty,"1,2"
2363,marcus.fleming@hotmail.com,MFleming,,,,Marcus,Fleming,"1,2"
2364,giblintom10@gmail.com,TGiblin,,,,Tom,Giblin,"1,2"